"","from_user_name","to_user_name","in_reply_to_status_id","quoted_status_id","location","from_user_realname","from_user_tweetcount","from_user_followercount","from_user_friendcount","from_user_favourites_count","from_user_listed"
"1","memotabora","",NA,1324452049908570112,"San Pedro Sula, Honduras","Guillermo T√°bora",10734,385,483,5546,6
"2","Claudia_Marissa","",NA,NA,"","Claudia Marissa",4642,555,1015,6710,21
"3","gabgarfer","",NA,NA,"Planeta Tierra","Gabriel Garcia",3115,104,320,6728,2
"4","MrsTuppence","",NA,1324788992819249920,"","MrsTuppence",331,8,73,5548,0
"5","bunigonzales","",NA,NA,"Honduras","Buni",57039,1979,779,55487,0
"6","BoliviaLucho","",NA,1325212910889530112,"","üëâüêØLuchoPorBoliviaüêØüëàüáßüá¥",21049,502,711,6762,0
"7","hondufutbol007","",NA,1325229318453260032,"","HonduFutbolüá≠üá≥ü¶Åüá´üá∑",4357,141,330,5551,0
"8","hondufutbol007","",NA,NA,"","HonduFutbolüá≠üá≥ü¶Åüá´üá∑",4358,141,330,5553,0
"9","hondufutbol007","",NA,1325467163579310080,"","HonduFutbolüá≠üá≥ü¶Åüá´üá∑",4360,141,330,5555,0
"10","elisaa9_","",NA,NA,"Honduras","Elisa",4698,1228,657,671,1
"11","teacher_andy","",NA,NA,"","Rub√©n Rosales Sep√∫lveda",4334,6593,6918,6732,0
"12","amigosRSV","",NA,NA,"","Amigos del reciclaje",5734,1603,923,6759,3
"13","gabyssossa","",NA,NA,"Honduras","Gaby",82802,556,2127,67337,13
"14","hondufutbol007","HoyMismoTSI",1326288460039200000,NA,"","HonduFutbolüá≠üá≥ü¶Åüá´üá∑",4375,141,331,5577,0
"15","OscarAvila01","",NA,NA,"","Oscar A. Avila",113,24,166,557,0
"16","hondufutbol007","",NA,NA,"","HonduFutbolüá≠üá≥ü¶Åüá´üá∑",4378,141,332,5584,0
"17","PablinVallad92","",NA,NA,"Tegucigalpa, Honduras","ùë∑ùíÜùíÉùíÜùíçùíîüè≥Ô∏è‚Äçüåàüá≠üá≥",43628,3092,2109,67093,0
"18","MedicaVandalica","",NA,1328715261688630016,"Atrincherada en tu coraz√≥n","M√©dica Vand√°lica ¬Æ",26958,6577,885,67442,8
"19","gaviota283","",NA,1329205350696969984,"","gaviota28üíôüá≥üáÆ",7122,116,2,5517,0
"20","maurmigliore","",NA,1329426954802569984,"Honduras","Maury",3160,247,284,6729,0
"21","maurmigliore","",NA,1329466561992790016,"Honduras","Maury",3164,247,284,6734,0
"22","RojaRevuelta","",NA,1329270953629659904,"America","RevueltaRoja",852,73,137,670,0
"23","GaribayAcuna","RICKFREEMAN1960",1330030768580659968,NA,"En el Coraz√≥n de mi M√©xico","Alberto G. Garibay Acu√±a",4187,649,1321,5522,0
"24","jass_curie","JuanOrlandoH",1330190727494710016,NA,"Honduras","JassminR.üíï",12806,167,426,6713,2
"25","LeslyAguileraM1","",NA,1331303875169710080,"","Lesly Aguilera Mejia",4902,93,95,6714,0
"26","el_alerohn","",NA,NA,"San Pedro Sula,Honduras","El_alerohn",1857,1675,1536,6706,1
"27","LeslyAguileraM1","",NA,1332014147702299904,"","Lesly Aguilera Mejia",4905,93,96,6722,0
"28","LeslyAguileraM1","",NA,1332057579418249984,"","Lesly Aguilera Mejia",4906,93,96,6726,0
"29","ecuadorycuba","",NA,NA,"","elecuador",33684,2902,2968,6792,21
"30","EvaRoco","",NA,1346241108762889984,"Quito, Ecuador","Eva Roc√≠o Villac√≠s",19377,184,235,55456,1
"31","GeorginaMoranC1","",NA,NA,"El Oro, Ecuador","Georgina „ÄΩÔ∏èor√°n #QuedateEnCasa #EcuadorUnido",116184,348,335,673,0
"32","GeorginaMoranC1","",NA,NA,"El Oro, Ecuador","Georgina „ÄΩÔ∏èor√°n #QuedateEnCasa #EcuadorUnido",116190,348,335,673,0
"33","GeorginaMoranC1","",NA,NA,"El Oro, Ecuador","Georgina „ÄΩÔ∏èor√°n #QuedateEnCasa #EcuadorUnido",116193,348,335,673,0
"34","GeorginaMoranC1","",NA,NA,"El Oro, Ecuador","Georgina „ÄΩÔ∏èor√°n #QuedateEnCasa #EcuadorUnido",116204,348,335,673,0
"35","GeorginaMoranC1","",NA,NA,"El Oro, Ecuador","Georgina „ÄΩÔ∏èor√°n #QuedateEnCasa #EcuadorUnido",116205,348,335,673,0
"36","GeorginaMoranC1","",NA,NA,"El Oro, Ecuador","Georgina „ÄΩÔ∏èor√°n #QuedateEnCasa #EcuadorUnido",116206,348,335,673,0
"37","GeorginaMoranC1","",NA,NA,"El Oro, Ecuador","Georgina „ÄΩÔ∏èor√°n #QuedateEnCasa #EcuadorUnido",116207,348,335,673,0
"38","GeorginaMoranC1","",NA,NA,"El Oro, Ecuador","Georgina „ÄΩÔ∏èor√°n #QuedateEnCasa #EcuadorUnido",116208,348,335,673,0
"39","GeorginaMoranC1","",NA,NA,"El Oro, Ecuador","Georgina „ÄΩÔ∏èor√°n #QuedateEnCasa #EcuadorUnido",116215,348,335,673,0
"40","GeorginaMoranC1","",NA,NA,"El Oro, Ecuador","Georgina „ÄΩÔ∏èor√°n #QuedateEnCasa #EcuadorUnido",116216,348,335,673,0
"41","GeorginaMoranC1","",NA,NA,"El Oro, Ecuador","Georgina „ÄΩÔ∏èor√°n #QuedateEnCasa #EcuadorUnido",116217,348,335,673,0
"42","GeorginaMoranC1","",NA,NA,"El Oro, Ecuador","Georgina „ÄΩÔ∏èor√°n #QuedateEnCasa #EcuadorUnido",116218,348,335,673,0
"43","ecuadorycuba","",NA,1346256263055859968,"","elecuador",33685,2909,2987,6792,21
"44","ChrisTorres1902","",NA,1346434988464549888,"","Chris Torres",10563,116,366,551,0
"45","MilagrosRangel_","",NA,NA,"Ecuador","Milagros Rangel",6167,139,150,5529,1
"46","lapizurdo","",NA,NA,"Quito","Roque",483,1490,82,55,17
"47","biomauro_rtg","",NA,1346968833651859968,"Tena, Ecuador","Mauricio Ortega",12371,1368,763,55274,19
"48","GeorginaMoranC1","",NA,NA,"El Oro, Ecuador","Georgina „ÄΩÔ∏èor√°n #QuedateEnCasa #EcuadorUnido",116351,348,335,673,0
"49","GeorginaMoranC1","",NA,NA,"El Oro, Ecuador","Georgina „ÄΩÔ∏èor√°n #QuedateEnCasa #EcuadorUnido",116365,348,335,673,0
"50","GeorginaMoranC1","",NA,NA,"El Oro, Ecuador","Georgina „ÄΩÔ∏èor√°n #QuedateEnCasa #EcuadorUnido",116368,348,335,673,0
"51","GeorginaMoranC1","",NA,NA,"El Oro, Ecuador","Georgina „ÄΩÔ∏èor√°n #QuedateEnCasa #EcuadorUnido",116373,348,335,673,0
"52","GeorginaMoranC1","",NA,NA,"El Oro, Ecuador","Georgina „ÄΩÔ∏èor√°n #QuedateEnCasa #EcuadorUnido",116379,348,335,673,0
"53","GeorginaMoranC1","",NA,NA,"El Oro, Ecuador","Georgina „ÄΩÔ∏èor√°n #QuedateEnCasa #EcuadorUnido",116383,348,335,673,0
"54","thegodfatherles","",NA,NA,"Seoul, Republic of Korea","Jorge Ponce",4882,387,1862,6707,6
"55","dayanar0408","",NA,NA,"Ecuador","Dayana Rodriguez",7123,424,879,6704,1
"56","clsamaniego2005","",NA,NA,"Quito","Carmen Luisa Samaniego",13202,501,788,5570,8
"57","AnaEscorche12","",NA,NA,"","Ana Escorche",9419,91,103,67,0
"58","EDUIVANMEN","",NA,NA,"","EDUARDO MENA",229831,797,480,67384,23
"59","maryazbek","",NA,NA,"Quito, Ecuador","Marcia Yazbek",3289,557,1266,6784,5
"60","Pazbella13","",NA,NA,"Ecuador","Lucia Paz",5384,490,920,5504,1
"61","alex6_sys","",NA,NA,"","alexander",638,35,58,550,1
"62","GeorginaMoranC1","",NA,NA,"El Oro, Ecuador","Georgina „ÄΩÔ∏èor√°n #QuedateEnCasa #EcuadorUnido",116363,348,335,673,0
"63","GeorginaMoranC1","",NA,NA,"El Oro, Ecuador","Georgina „ÄΩÔ∏èor√°n #QuedateEnCasa #EcuadorUnido",116364,348,335,673,0
"64","GeorginaMoranC1","",NA,NA,"El Oro, Ecuador","Georgina „ÄΩÔ∏èor√°n #QuedateEnCasa #EcuadorUnido",116367,348,335,673,0
"65","nachoch76","",NA,NA,"","Ignacio Champutiz",34038,170,311,55093,13
"66","ositovolar","",NA,1347215822364829952,"","lagartopancho",72162,320,1295,55109,0
"67","GeorginaMoranC1","",NA,NA,"El Oro, Ecuador","Georgina „ÄΩÔ∏èor√°n #QuedateEnCasa #EcuadorUnido",116375,348,335,672,0
"68","GeorginaMoranC1","",NA,NA,"El Oro, Ecuador","Georgina „ÄΩÔ∏èor√°n #QuedateEnCasa #EcuadorUnido",116380,348,335,672,0
"69","GeorginaMoranC1","",NA,NA,"El Oro, Ecuador","Georgina „ÄΩÔ∏èor√°n #QuedateEnCasa #EcuadorUnido",116381,348,335,672,0
"70","GeorginaMoranC1","",NA,NA,"El Oro, Ecuador","Georgina „ÄΩÔ∏èor√°n #QuedateEnCasa #EcuadorUnido",116383,348,335,672,0
"71","GeorginaMoranC1","",NA,NA,"El Oro, Ecuador","Georgina „ÄΩÔ∏èor√°n #QuedateEnCasa #EcuadorUnido",116384,348,335,672,0
"72","GeorginaMoranC1","",NA,NA,"El Oro, Ecuador","Georgina „ÄΩÔ∏èor√°n #QuedateEnCasa #EcuadorUnido",116386,348,335,672,0
"73","GeorginaMoranC1","",NA,NA,"El Oro, Ecuador","Georgina „ÄΩÔ∏èor√°n #QuedateEnCasa #EcuadorUnido",116387,348,335,672,0
"74","GeorginaMoranC1","",NA,NA,"El Oro, Ecuador","Georgina „ÄΩÔ∏èor√°n #QuedateEnCasa #EcuadorUnido",116388,348,335,672,0
"75","GeorginaMoranC1","",NA,NA,"El Oro, Ecuador","Georgina „ÄΩÔ∏èor√°n #QuedateEnCasa #EcuadorUnido",116389,348,335,672,0
"76","GeorginaMoranC1","",NA,NA,"El Oro, Ecuador","Georgina „ÄΩÔ∏èor√°n #QuedateEnCasa #EcuadorUnido",116390,348,335,672,0
"77","GeorginaMoranC1","",NA,NA,"El Oro, Ecuador","Georgina „ÄΩÔ∏èor√°n #QuedateEnCasa #EcuadorUnido",116391,348,335,672,0
"78","GeorginaMoranC1","",NA,NA,"El Oro, Ecuador","Georgina „ÄΩÔ∏èor√°n #QuedateEnCasa #EcuadorUnido",116392,348,335,672,0
"79","GeorginaMoranC1","",NA,NA,"El Oro, Ecuador","Georgina „ÄΩÔ∏èor√°n #QuedateEnCasa #EcuadorUnido",116393,348,335,672,0
"80","GeorginaMoranC1","",NA,NA,"El Oro, Ecuador","Georgina „ÄΩÔ∏èor√°n #QuedateEnCasa #EcuadorUnido",116395,348,335,672,0
"81","GeorginaMoranC1","",NA,NA,"El Oro, Ecuador","Georgina „ÄΩÔ∏èor√°n #QuedateEnCasa #EcuadorUnido",116396,348,335,672,0
"82","GeorginaMoranC1","",NA,NA,"El Oro, Ecuador","Georgina „ÄΩÔ∏èor√°n #QuedateEnCasa #EcuadorUnido",116397,348,335,672,0
"83","GeorginaMoranC1","",NA,NA,"El Oro, Ecuador","Georgina „ÄΩÔ∏èor√°n #QuedateEnCasa #EcuadorUnido",116399,348,335,672,0
"84","GeorginaMoranC1","",NA,NA,"El Oro, Ecuador","Georgina „ÄΩÔ∏èor√°n #QuedateEnCasa #EcuadorUnido",116409,346,335,672,0
"85","GeorginaMoranC1","",NA,NA,"El Oro, Ecuador","Georgina „ÄΩÔ∏èor√°n #QuedateEnCasa #EcuadorUnido",116411,346,335,672,0
"86","GeorginaMoranC1","",NA,NA,"El Oro, Ecuador","Georgina „ÄΩÔ∏èor√°n #QuedateEnCasa #EcuadorUnido",116412,346,335,672,0
"87","GeorginaMoranC1","",NA,NA,"El Oro, Ecuador","Georgina „ÄΩÔ∏èor√°n #QuedateEnCasa #EcuadorUnido",116414,346,335,672,0
"88","GeorginaMoranC1","",NA,NA,"El Oro, Ecuador","Georgina „ÄΩÔ∏èor√°n #QuedateEnCasa #EcuadorUnido",116427,346,335,672,0
"89","GeorginaMoranC1","",NA,NA,"El Oro, Ecuador","Georgina „ÄΩÔ∏èor√°n #QuedateEnCasa #EcuadorUnido",116428,346,335,672,0
"90","GeorginaMoranC1","",NA,NA,"El Oro, Ecuador","Georgina „ÄΩÔ∏èor√°n #QuedateEnCasa #EcuadorUnido",116432,346,335,672,0
"91","GeorginaMoranC1","",NA,NA,"El Oro, Ecuador","Georgina „ÄΩÔ∏èor√°n #QuedateEnCasa #EcuadorUnido",116438,346,335,672,0
"92","MariSch03","",NA,NA,"Ecuador","Maria S√°nchez",6631,190,597,6762,2
"93","Charis61450893","",NA,NA,"","Charis",20,5,5,55,0
"94","GeorginaMoranC1","",NA,NA,"El Oro, Ecuador","Georgina „ÄΩÔ∏èor√°n #QuedateEnCasa #EcuadorUnido",116462,346,335,672,0
"95","AlfredoGuri","AlfredoGuri",1347584164728590080,NA,"Loja, Ecuador","Luis Guti√©rrez",140,90,528,679,2
"96","ramiro_rc7","",NA,NA,"","Ramiro RC",30898,199,367,6792,1
"97","LukasJr999","",NA,NA,"Tena","Josimar Nieto",482,277,480,551,3
"98","LukasJr999","",NA,NA,"Tena","Josimar Nieto",483,277,480,553,3
"99","dietor19876","",NA,NA,"Zamora, Ecuador","Diego Torres Moreno",3820,79,55,671,2
"100","dayanar0408","",NA,NA,"Ecuador","Dayana Rodriguez",7194,425,880,6774,1
"101","GeorginaMoranC1","",NA,NA,"El Oro, Ecuador","Georgina „ÄΩÔ∏èor√°n #QuedateEnCasa #EcuadorUnido",116468,346,335,672,0
"102","GeorginaMoranC1","",NA,NA,"El Oro, Ecuador","Georgina „ÄΩÔ∏èor√°n #QuedateEnCasa #EcuadorUnido",116474,346,335,672,0
"103","GeorginaMoranC1","",NA,NA,"El Oro, Ecuador","Georgina „ÄΩÔ∏èor√°n #QuedateEnCasa #EcuadorUnido",116478,346,335,672,0
"104","GeorginaMoranC1","",NA,NA,"El Oro, Ecuador","Georgina „ÄΩÔ∏èor√°n #QuedateEnCasa #EcuadorUnido",116481,346,335,672,0
"105","GeorginaMoranC1","",NA,NA,"El Oro, Ecuador","Georgina „ÄΩÔ∏èor√°n #QuedateEnCasa #EcuadorUnido",116483,346,335,672,0
"106","GeorginaMoranC1","",NA,NA,"El Oro, Ecuador","Georgina „ÄΩÔ∏èor√°n #QuedateEnCasa #EcuadorUnido",116505,346,335,672,0
"107","GeorginaMoranC1","",NA,NA,"El Oro, Ecuador","Georgina „ÄΩÔ∏èor√°n #QuedateEnCasa #EcuadorUnido",116514,346,335,672,0
"108","GeorginaMoranC1","",NA,NA,"El Oro, Ecuador","Georgina „ÄΩÔ∏èor√°n #QuedateEnCasa #EcuadorUnido",116515,346,335,672,0
"109","GeorginaMoranC1","",NA,NA,"El Oro, Ecuador","Georgina „ÄΩÔ∏èor√°n #QuedateEnCasa #EcuadorUnido",116530,346,335,672,0
"110","GeorginaMoranC1","",NA,NA,"El Oro, Ecuador","Georgina „ÄΩÔ∏èor√°n #QuedateEnCasa #EcuadorUnido",116531,346,335,672,0
"111","GeorginaMoranC1","",NA,NA,"El Oro, Ecuador","Georgina „ÄΩÔ∏èor√°n #QuedateEnCasa #EcuadorUnido",116535,346,335,672,0
"112","GeorginaMoranC1","",NA,NA,"El Oro, Ecuador","Georgina „ÄΩÔ∏èor√°n #QuedateEnCasa #EcuadorUnido",116539,346,335,672,0
"113","GeorginaMoranC1","",NA,NA,"El Oro, Ecuador","Georgina „ÄΩÔ∏èor√°n #QuedateEnCasa #EcuadorUnido",116542,346,335,672,0
"114","GeorginaMoranC1","",NA,NA,"El Oro, Ecuador","Georgina „ÄΩÔ∏èor√°n #QuedateEnCasa #EcuadorUnido",116552,346,335,672,0
"115","EconJoseOna","",NA,NA,"Ecuador","JOS√â O√ëA",772,59,121,556,1
"116","GeorginaMoranC1","",NA,NA,"El Oro, Ecuador","Georgina „ÄΩÔ∏èor√°n #QuedateEnCasa #EcuadorUnido",116599,346,335,672,0
"117","alex6_sys","",NA,NA,"","alexander",645,35,58,557,1
"118","GuerreroXlibert","",NA,NA,"","Guerreros Por La Libertad",5004,114,358,6758,0
"119","ngel96398598","",NA,NA,"Santo Domingo, Ecuador","√Ångel",235,15,220,550,0
"120","GeorginaMoranC1","",NA,NA,"El Oro, Ecuador","Georgina „ÄΩÔ∏èor√°n #QuedateEnCasa #EcuadorUnido",116606,346,335,672,0
"121","EDUIVANMEN","",NA,NA,"","EDUARDO MENA",229973,798,480,67433,23
"122","valeriatapiaf89","",NA,NA,"Quito","Daniela Tapia",10948,298,748,6710,12
"123","RebecaMorla","",NA,NA,"Guayaquil, Ecuador.","Rebeca Morla",13196,3206,1005,6724,28
"124","GeorginaMoranC1","",NA,NA,"El Oro, Ecuador","Georgina „ÄΩÔ∏èor√°n #QuedateEnCasa #EcuadorUnido",116674,348,335,672,0
"125","GeorginaMoranC1","",NA,NA,"El Oro, Ecuador","Georgina „ÄΩÔ∏èor√°n #QuedateEnCasa #EcuadorUnido",116676,348,335,672,0
"126","GeorginaMoranC1","",NA,NA,"El Oro, Ecuador","Georgina „ÄΩÔ∏èor√°n #QuedateEnCasa #EcuadorUnido",116677,348,335,672,0
"127","GeorginaMoranC1","",NA,NA,"El Oro, Ecuador","Georgina „ÄΩÔ∏èor√°n #QuedateEnCasa #EcuadorUnido",116678,348,335,672,0
"128","GeorginaMoranC1","",NA,NA,"El Oro, Ecuador","Georgina „ÄΩÔ∏èor√°n #QuedateEnCasa #EcuadorUnido",116683,348,335,672,0
"129","ecuainm_oficial","",NA,1.347941269063e+18,"Quito - Ecuador","Ecuadorinmediato",201925,433625,1499,55,1315
"130","JuliepGonzalez","",NA,1.347941269063e+18,"Ecuador","Julieta Gonzalez",7926,375,601,6796,1
"131","GeorginaMoranC1","",NA,NA,"El Oro, Ecuador","Georgina „ÄΩÔ∏èor√°n #QuedateEnCasa #EcuadorUnido",116688,347,335,672,0
"132","ecuadorycuba","",NA,NA,"","elecuador",33698,2957,2958,6794,21
"133","RebecaMorla","",NA,NA,"Guayaquil, Ecuador.","Rebeca Morla",13208,3216,1007,6752,30
"134","claudiacee34","",NA,NA,"Ecuador","Claudia Cede√±o",915,142,254,678,2
"135","GeorginaMoranC1","",NA,NA,"El Oro, Ecuador","Georgina „ÄΩÔ∏èor√°n #QuedateEnCasa #EcuadorUnido",116695,346,335,672,0
"136","GeorginaMoranC1","",NA,NA,"El Oro, Ecuador","Georgina „ÄΩÔ∏èor√°n #QuedateEnCasa #EcuadorUnido",116697,346,335,672,0
"137","GeorginaMoranC1","",NA,NA,"El Oro, Ecuador","Georgina „ÄΩÔ∏èor√°n #QuedateEnCasa #EcuadorUnido",116701,346,335,672,0
"138","GeorginaMoranC1","",NA,NA,"El Oro, Ecuador","Georgina „ÄΩÔ∏èor√°n #QuedateEnCasa #EcuadorUnido",116702,346,335,672,0
"139","GeorginaMoranC1","",NA,NA,"El Oro, Ecuador","Georgina „ÄΩÔ∏èor√°n #QuedateEnCasa #EcuadorUnido",116703,346,335,672,0
"140","GeorginaMoranC1","",NA,NA,"El Oro, Ecuador","Georgina „ÄΩÔ∏èor√°n #QuedateEnCasa #EcuadorUnido",116704,346,335,672,0
"141","GeorginaMoranC1","",NA,NA,"El Oro, Ecuador","Georgina „ÄΩÔ∏èor√°n #QuedateEnCasa #EcuadorUnido",116705,346,335,672,0
"142","GeorginaMoranC1","",NA,NA,"El Oro, Ecuador","Georgina „ÄΩÔ∏èor√°n #QuedateEnCasa #EcuadorUnido",116708,346,335,672,0
"143","GeorginaMoranC1","",NA,NA,"El Oro, Ecuador","Georgina „ÄΩÔ∏èor√°n #QuedateEnCasa #EcuadorUnido",116709,346,335,672,0
"144","GeorginaMoranC1","",NA,NA,"El Oro, Ecuador","Georgina „ÄΩÔ∏èor√°n #QuedateEnCasa #EcuadorUnido",116710,346,335,672,0
"145","GeorginaMoranC1","",NA,NA,"El Oro, Ecuador","Georgina „ÄΩÔ∏èor√°n #QuedateEnCasa #EcuadorUnido",116711,346,335,672,0
"146","GeorginaMoranC1","",NA,NA,"El Oro, Ecuador","Georgina „ÄΩÔ∏èor√°n #QuedateEnCasa #EcuadorUnido",116717,346,335,672,0
"147","ecuadorycuba","",NA,NA,"","elecuador",33699,2958,2963,6794,21
"148","vicentikogm","",NA,NA,"Manta","Vicente Garcia",9447,388,522,554,3
"149","JosLos2","",NA,NA,"","Jos",3082,336,5002,55687,0
"150","Santi_BarceGye","",NA,NA,"Guayaquil","Santiago Estrella",5037,128,399,6778,0
"151","jpamelarodas","",NA,NA,"","Paaaam",20418,1120,300,6701,0
"152","wualaswold1","",NA,NA,"Barcelona, Catalunya","@Lluis....üòâüéóüéó",68965,2026,3373,55392,3
"153","coconstanza_jt","",NA,NA,"Salvador, Brasil","Constanza J√°uregui Tama",2636,1351,1101,5552,0
"154","GeorginaMoranC1","",NA,NA,"El Oro, Ecuador","Georgina „ÄΩÔ∏èor√°n #QuedateEnCasa #EcuadorUnido",116721,350,335,672,0
"155","GeorginaMoranC1","",NA,NA,"El Oro, Ecuador","Georgina „ÄΩÔ∏èor√°n #QuedateEnCasa #EcuadorUnido",116723,350,335,672,0
"156","GeorginaMoranC1","",NA,NA,"El Oro, Ecuador","Georgina „ÄΩÔ∏èor√°n #QuedateEnCasa #EcuadorUnido",116725,350,335,672,0
"157","GeorginaMoranC1","",NA,NA,"El Oro, Ecuador","Georgina „ÄΩÔ∏èor√°n #QuedateEnCasa #EcuadorUnido",116726,350,335,672,0
"158","robertocarlos_n","",NA,NA,"Quito Ecuador","Roberto Narva√©z",61189,212,35,55,2
"159","GeorginaMoranC1","",NA,NA,"El Oro, Ecuador","Georgina „ÄΩÔ∏èor√°n #QuedateEnCasa #EcuadorUnido",116731,350,335,672,0
"160","Dusthin1310","",NA,NA,"Babahoyo, Ecuador","Dusthin Mora SalcedoüëΩüëΩ",401,69,2124,554,0
"161","GeorginaMoranC1","",NA,NA,"El Oro, Ecuador","Georgina „ÄΩÔ∏èor√°n #QuedateEnCasa #EcuadorUnido",116733,350,335,672,0
"162","GeorginaMoranC1","",NA,NA,"El Oro, Ecuador","Georgina „ÄΩÔ∏èor√°n #QuedateEnCasa #EcuadorUnido",116735,351,335,672,0
"163","GeorginaMoranC1","",NA,NA,"El Oro, Ecuador","Georgina „ÄΩÔ∏èor√°n #QuedateEnCasa #EcuadorUnido",116737,350,335,672,0
"164","alvaro_rendon","",NA,NA,"Guayaquil, Ecuador","Alvaro Rend√≥n",15527,936,1006,5520,7
"165","oro_negro26","",NA,NA,"Pueblo Libre","PERIODISMO DEL SUR",172435,5811,5414,55095,44
"166","rammsnite","",NA,NA,"","Forsix",6654,111,209,5528,1
"167","JuanitoSM10","",NA,NA,"Granada","Juan Salinas Montoro",8865,513,177,552,6
"168","ecuadorycuba","",NA,NA,"","elecuador",33705,2962,2966,6795,21
"169","ecuadorycuba","",NA,NA,"","elecuador",33706,2962,2966,6795,21
"170","ecuadorycuba","",NA,NA,"","elecuador",33708,2962,2966,6795,21
"171","ecuadorycuba","",NA,1348403560468389888,"","elecuador",33710,2962,2966,6795,21
"172","JosephAVS","",NA,NA,"Guayaquil, Ecuador","Joseph Aviles",19740,332,609,6795,0
"173","Marbembcd","",NA,NA,"","Margarita Cede√±o Duq",45,17,39,67,0
"174","GeorginaMoranC1","",NA,NA,"El Oro, Ecuador","Georgina „ÄΩÔ∏èor√°n #QuedateEnCasa #EcuadorUnido",116814,352,335,672,0
"175","GeorginaMoranC1","",NA,NA,"El Oro, Ecuador","Georgina „ÄΩÔ∏èor√°n #QuedateEnCasa #EcuadorUnido",116815,352,335,672,0
"176","adrianvivanco78","",NA,NA,"","Adrian Vivanco",3844,195,474,6778,0
"177","JacksonUlisesR1","",NA,NA,"","Jackson Ulises Ram√≠rez Valencia",685,4,27,672,0
"178","GeorginaMoranC1","",NA,NA,"El Oro, Ecuador","Georgina „ÄΩÔ∏èor√°n #QuedateEnCasa #EcuadorUnido",116830,352,335,672,0
"179","GeorginaMoranC1","",NA,NA,"El Oro, Ecuador","Georgina „ÄΩÔ∏èor√°n #QuedateEnCasa #EcuadorUnido",116834,352,335,672,0
"180","GeorginaMoranC1","",NA,NA,"El Oro, Ecuador","Georgina „ÄΩÔ∏èor√°n #QuedateEnCasa #EcuadorUnido",116837,352,335,672,0
"181","GeorginaMoranC1","",NA,NA,"El Oro, Ecuador","Georgina „ÄΩÔ∏èor√°n #QuedateEnCasa #EcuadorUnido",116842,352,335,672,0
"182","GeorginaMoranC1","",NA,NA,"El Oro, Ecuador","Georgina „ÄΩÔ∏èor√°n #QuedateEnCasa #EcuadorUnido",116843,352,335,672,0
"183","VicenteLooopez","",NA,NA,"Ecuador","Vicente L√≥pez",5843,130,172,5504,1
"184","MaraMo21lks","",NA,NA,"Ecuador","Mar√≠a Moreno",677,64,133,677,1
"185","DarioYepezF","",NA,NA,"","Dario Y√©pez",4965,320,357,672,0
"186","GeorginaMoranC1","",NA,NA,"El Oro, Ecuador","Georgina „ÄΩÔ∏èor√°n #QuedateEnCasa #EcuadorUnido",116852,352,335,672,0
"187","FmvallejorValle","",NA,1348784527527849984,"Pichincha, Ecuador","Fabian Vallejo R.",35518,325,492,6705,5
"188","GeorginaMoranC1","",NA,NA,"El Oro, Ecuador","Georgina „ÄΩÔ∏èor√°n #QuedateEnCasa #EcuadorUnido",116865,351,335,672,0
"189","GeorginaMoranC1","",NA,NA,"El Oro, Ecuador","Georgina „ÄΩÔ∏èor√°n #QuedateEnCasa #EcuadorUnido",116870,351,335,672,0
"190","GeorginaMoranC1","",NA,NA,"El Oro, Ecuador","Georgina „ÄΩÔ∏èor√°n #QuedateEnCasa #EcuadorUnido",116875,351,335,672,0
"191","GeorginaMoranC1","",NA,NA,"El Oro, Ecuador","Georgina „ÄΩÔ∏èor√°n #QuedateEnCasa #EcuadorUnido",116877,351,335,672,0
"192","GeorginaMoranC1","",NA,NA,"El Oro, Ecuador","Georgina „ÄΩÔ∏èor√°n #QuedateEnCasa #EcuadorUnido",116894,351,335,672,0
"193","GeorginaMoranC1","",NA,NA,"El Oro, Ecuador","Georgina „ÄΩÔ∏èor√°n #QuedateEnCasa #EcuadorUnido",116897,351,335,672,0
"194","GeorginaMoranC1","",NA,NA,"El Oro, Ecuador","Georgina „ÄΩÔ∏èor√°n #QuedateEnCasa #EcuadorUnido",116908,351,335,672,0
"195","GeorginaMoranC1","",NA,NA,"El Oro, Ecuador","Georgina „ÄΩÔ∏èor√°n #QuedateEnCasa #EcuadorUnido",116909,351,335,672,0
"196","GeorginaMoranC1","",NA,NA,"El Oro, Ecuador","Georgina „ÄΩÔ∏èor√°n #QuedateEnCasa #EcuadorUnido",116914,351,335,672,0
"197","GeorginaMoranC1","",NA,NA,"El Oro, Ecuador","Georgina „ÄΩÔ∏èor√°n #QuedateEnCasa #EcuadorUnido",116915,351,335,672,0
"198","GeorginaMoranC1","",NA,NA,"El Oro, Ecuador","Georgina „ÄΩÔ∏èor√°n #QuedateEnCasa #EcuadorUnido",116916,351,335,672,0
"199","GeorginaMoranC1","",NA,NA,"El Oro, Ecuador","Georgina „ÄΩÔ∏èor√°n #QuedateEnCasa #EcuadorUnido",116917,351,335,672,0
"200","joaoborbor","",NA,1348803947318960128,"Tierra prime","J. Joao",14292,303,1307,5523,0
"201","Jandry_a_r","",NA,NA,"Portoviejo, Ecuador","Jandry",450,4,24,673,0
"202","GeorginaMoranC1","",NA,NA,"El Oro, Ecuador","Georgina „ÄΩÔ∏èor√°n #QuedateEnCasa #EcuadorUnido",116923,351,335,672,0
"203","GeorginaMoranC1","",NA,NA,"El Oro, Ecuador","Georgina „ÄΩÔ∏èor√°n #QuedateEnCasa #EcuadorUnido",116926,351,335,672,0
"204","Jandry_a_r","",NA,NA,"Portoviejo, Ecuador","Jandry",451,4,24,675,0
"205","Jandry_a_r","",NA,NA,"Portoviejo, Ecuador","Jandry",452,4,24,676,0
"206","Jandry_a_r","",NA,NA,"Portoviejo, Ecuador","Jandry",453,4,24,677,0
"207","rammsnite","",NA,NA,"","Forsix",6657,111,209,5531,1
"208","GeorginaMoranC1","",NA,NA,"El Oro, Ecuador","Georgina „ÄΩÔ∏èor√°n #QuedateEnCasa #EcuadorUnido",116927,351,335,672,0
"209","GeorginaMoranC1","",NA,NA,"El Oro, Ecuador","Georgina „ÄΩÔ∏èor√°n #QuedateEnCasa #EcuadorUnido",116933,351,335,672,0
"210","GeorginaMoranC1","",NA,NA,"El Oro, Ecuador","Georgina „ÄΩÔ∏èor√°n #QuedateEnCasa #EcuadorUnido",116944,351,335,672,0
"211","GeorginaMoranC1","",NA,NA,"El Oro, Ecuador","Georgina „ÄΩÔ∏èor√°n #QuedateEnCasa #EcuadorUnido",116945,351,335,672,0
"212","GeorginaMoranC1","",NA,NA,"El Oro, Ecuador","Georgina „ÄΩÔ∏èor√°n #QuedateEnCasa #EcuadorUnido",116946,351,335,672,0
"213","GeorginaMoranC1","",NA,NA,"El Oro, Ecuador","Georgina „ÄΩÔ∏èor√°n #QuedateEnCasa #EcuadorUnido",116947,351,335,672,0
"214","GeorginaMoranC1","",NA,NA,"El Oro, Ecuador","Georgina „ÄΩÔ∏èor√°n #QuedateEnCasa #EcuadorUnido",116948,351,335,672,0
"215","GeorginaMoranC1","",NA,NA,"El Oro, Ecuador","Georgina „ÄΩÔ∏èor√°n #QuedateEnCasa #EcuadorUnido",116950,351,335,672,0
"216","GeorginaMoranC1","",NA,NA,"El Oro, Ecuador","Georgina „ÄΩÔ∏èor√°n #QuedateEnCasa #EcuadorUnido",116959,351,335,672,0
"217","GeorginaMoranC1","",NA,NA,"El Oro, Ecuador","Georgina „ÄΩÔ∏èor√°n #QuedateEnCasa #EcuadorUnido",116962,351,335,672,0
"218","GeorginaMoranC1","",NA,NA,"El Oro, Ecuador","Georgina „ÄΩÔ∏èor√°n #QuedateEnCasa #EcuadorUnido",116963,351,335,672,0
"219","GeorginaMoranC1","",NA,NA,"El Oro, Ecuador","Georgina „ÄΩÔ∏èor√°n #QuedateEnCasa #EcuadorUnido",116966,351,335,672,0
"220","GeorginaMoranC1","",NA,NA,"El Oro, Ecuador","Georgina „ÄΩÔ∏èor√°n #QuedateEnCasa #EcuadorUnido",116975,351,335,672,0
"221","GeorginaMoranC1","",NA,NA,"El Oro, Ecuador","Georgina „ÄΩÔ∏èor√°n #QuedateEnCasa #EcuadorUnido",116977,351,335,672,0
"222","GeorginaMoranC1","",NA,NA,"El Oro, Ecuador","Georgina „ÄΩÔ∏èor√°n #QuedateEnCasa #EcuadorUnido",116980,351,335,672,0
"223","GeorginaMoranC1","",NA,NA,"El Oro, Ecuador","Georgina „ÄΩÔ∏èor√°n #QuedateEnCasa #EcuadorUnido",116981,351,335,672,0
"224","GeorginaMoranC1","",NA,NA,"El Oro, Ecuador","Georgina „ÄΩÔ∏èor√°n #QuedateEnCasa #EcuadorUnido",116983,351,335,672,0
"225","GeorginaMoranC1","",NA,NA,"El Oro, Ecuador","Georgina „ÄΩÔ∏èor√°n #QuedateEnCasa #EcuadorUnido",116986,351,335,672,0
"226","GeorginaMoranC1","",NA,NA,"El Oro, Ecuador","Georgina „ÄΩÔ∏èor√°n #QuedateEnCasa #EcuadorUnido",116987,351,335,672,0
"227","GeorginaMoranC1","",NA,NA,"El Oro, Ecuador","Georgina „ÄΩÔ∏èor√°n #QuedateEnCasa #EcuadorUnido",116991,351,335,672,0
"228","GeorginaMoranC1","",NA,NA,"El Oro, Ecuador","Georgina „ÄΩÔ∏èor√°n #QuedateEnCasa #EcuadorUnido",116993,351,335,672,0
"229","GeorginaMoranC1","",NA,NA,"El Oro, Ecuador","Georgina „ÄΩÔ∏èor√°n #QuedateEnCasa #EcuadorUnido",116994,351,335,672,0
"230","GeorginaMoranC1","",NA,NA,"El Oro, Ecuador","Georgina „ÄΩÔ∏èor√°n #QuedateEnCasa #EcuadorUnido",116996,351,335,672,0
"231","GeorginaMoranC1","",NA,NA,"El Oro, Ecuador","Georgina „ÄΩÔ∏èor√°n #QuedateEnCasa #EcuadorUnido",116997,351,335,672,0
"232","GeorginaMoranC1","",NA,NA,"El Oro, Ecuador","Georgina „ÄΩÔ∏èor√°n #QuedateEnCasa #EcuadorUnido",116998,351,335,672,0
"233","GeorginaMoranC1","",NA,NA,"El Oro, Ecuador","Georgina „ÄΩÔ∏èor√°n #QuedateEnCasa #EcuadorUnido",117001,351,335,672,0
"234","GeorginaMoranC1","",NA,NA,"El Oro, Ecuador","Georgina „ÄΩÔ∏èor√°n #QuedateEnCasa #EcuadorUnido",117009,351,335,672,0
"235","GeorginaMoranC1","",NA,NA,"El Oro, Ecuador","Georgina „ÄΩÔ∏èor√°n #QuedateEnCasa #EcuadorUnido",117019,351,335,672,0
"236","GeorginaMoranC1","",NA,NA,"El Oro, Ecuador","Georgina „ÄΩÔ∏èor√°n #QuedateEnCasa #EcuadorUnido",117020,351,335,672,0
"237","GeorginaMoranC1","",NA,NA,"El Oro, Ecuador","Georgina „ÄΩÔ∏èor√°n #QuedateEnCasa #EcuadorUnido",117021,351,335,672,0
"238","GeorginaMoranC1","",NA,NA,"El Oro, Ecuador","Georgina „ÄΩÔ∏èor√°n #QuedateEnCasa #EcuadorUnido",117022,351,335,672,0
"239","GeorginaMoranC1","",NA,NA,"El Oro, Ecuador","Georgina „ÄΩÔ∏èor√°n #QuedateEnCasa #EcuadorUnido",117025,351,335,672,0
"240","GeorginaMoranC1","",NA,NA,"El Oro, Ecuador","Georgina „ÄΩÔ∏èor√°n #QuedateEnCasa #EcuadorUnido",117026,351,335,672,0
"241","GeorginaMoranC1","",NA,NA,"El Oro, Ecuador","Georgina „ÄΩÔ∏èor√°n #QuedateEnCasa #EcuadorUnido",117027,351,335,672,0
"242","GeorginaMoranC1","",NA,NA,"El Oro, Ecuador","Georgina „ÄΩÔ∏èor√°n #QuedateEnCasa #EcuadorUnido",117028,351,335,672,0
"243","ecuainm_oficial","",NA,NA,"Quito - Ecuador","Ecuadorinmediato",201992,433879,1498,55,1318
"244","ecuainm_oficial","",NA,NA,"Quito - Ecuador","Ecuadorinmediato",201992,433878,1498,55,1318
"245","AriannaSure","",NA,NA,"Guayaquil, Ecuador","Bonk",25708,3368,3522,5552,5
"246","GeorginaMoranC1","",NA,NA,"El Oro, Ecuador","Georgina „ÄΩÔ∏èor√°n #QuedateEnCasa #EcuadorUnido",117039,350,335,672,0
"247","GeorginaMoranC1","",NA,NA,"El Oro, Ecuador","Georgina „ÄΩÔ∏èor√°n #QuedateEnCasa #EcuadorUnido",117044,350,335,672,0
"248","GeorginaMoranC1","",NA,NA,"El Oro, Ecuador","Georgina „ÄΩÔ∏èor√°n #QuedateEnCasa #EcuadorUnido",117045,350,335,672,0
"249","GeorginaMoranC1","",NA,NA,"El Oro, Ecuador","Georgina „ÄΩÔ∏èor√°n #QuedateEnCasa #EcuadorUnido",117053,350,335,672,0
"250","jlab_87","",NA,1349069864619689984,"Guayaquil, Ecuador","Jorge Apolinario B.",816,352,743,552,7
"251","GeorginaMoranC1","",NA,NA,"El Oro, Ecuador","Georgina „ÄΩÔ∏èor√°n #QuedateEnCasa #EcuadorUnido",117069,351,335,672,0
"252","LFerraz1555","",NA,NA,"Londres","Le√≥nidas Ferr√°z",24426,195,111,67,13
"253","FVespaciano","",NA,NA,"","flavio vespaciano",1524,15,85,674,0
"254","marasca78","",NA,NA,"","@miriamr",10875,248,203,6722,8
"255","cgonzalez79","",NA,NA,"Ecuador","Carlos Gonzalez L",68084,197,421,55872,6
"256","ecuainm_oficial","",NA,NA,"Quito - Ecuador","Ecuadorinmediato",202008,433940,1501,55,1317
"257","VicenteLooopez","",NA,NA,"Ecuador","Vicente L√≥pez",5883,130,172,5538,1
"258","ecuainm_oficial","",NA,NA,"Quito - Ecuador","Ecuadorinmediato",202008,433941,1501,55,1317
"259","GeorginaMoranC1","",NA,NA,"El Oro, Ecuador","Georgina „ÄΩÔ∏èor√°n #QuedateEnCasa #EcuadorUnido",117105,352,336,672,0
"260","MONIELITA","",NA,NA,"ECUADOR","Lizzie",1262,116,319,557,0
"261","EDUIVANMEN","",NA,NA,"","EDUARDO MENA",230471,794,482,67595,23
"262","EDUIVANMEN","",NA,1349111707717789952,"","EDUARDO MENA",230506,794,482,67601,23
"263","nancyvalverd","",NA,NA,"Quito, Ecuador","nancy valverde",2777,279,284,677,6
"264","EDU541","",NA,NA,"","EDU 54",23039,187,185,5574,0
"265","GeorginaMoranC1","",NA,NA,"El Oro, Ecuador","Georgina „ÄΩÔ∏èor√°n #QuedateEnCasa #EcuadorUnido",117144,352,336,672,0
"266","GeorginaMoranC1","",NA,NA,"El Oro, Ecuador","Georgina „ÄΩÔ∏èor√°n #QuedateEnCasa #EcuadorUnido",117151,352,336,672,0
"267","GeorginaMoranC1","",NA,NA,"El Oro, Ecuador","Georgina „ÄΩÔ∏èor√°n #QuedateEnCasa #EcuadorUnido",117152,352,336,672,0
"268","GeorginaMoranC1","",NA,NA,"El Oro, Ecuador","Georgina „ÄΩÔ∏èor√°n #QuedateEnCasa #EcuadorUnido",117171,352,336,672,0
"269","GeorginaMoranC1","",NA,NA,"El Oro, Ecuador","Georgina „ÄΩÔ∏èor√°n #QuedateEnCasa #EcuadorUnido",117172,352,336,672,0
"270","VicenteLooopez","",NA,NA,"Ecuador","Vicente L√≥pez",5910,130,172,5561,1
"271","JacksonUlisesR1","",NA,NA,"","Jackson Ulises Ram√≠rez Valencia",692,4,28,679,0
"272","GeorginaMoranC1","",NA,NA,"El Oro, Ecuador","Georgina „ÄΩÔ∏èor√°n #QuedateEnCasa #EcuadorUnido",117195,352,336,672,0
"273","lapizurdo","",NA,NA,"Quito","Roque",485,1491,82,55,17
"274","oro_negro26","",NA,1.349100486625e+18,"Pueblo Libre","PERIODISMO DEL SUR",172715,5825,5438,55193,44
"275","GeorginaMoranC1","",NA,NA,"El Oro, Ecuador","Georgina „ÄΩÔ∏èor√°n #QuedateEnCasa #EcuadorUnido",117197,352,336,672,0
"276","jofabrol","",NA,NA,"Quito","Fabry Espinoza Larco Ô£ø",14990,1697,5001,6775,12
"277","HuddaSaafi","",NA,NA,"Kampala, Uganda","Hudda Mohamudüá∏üá¥üá∫üá¨",250,124,121,676,0
"278","GretaValdiviezo","",NA,NA,"Ecuador","Greta Valdiviezo",31784,149,41,67286,0
"279","robertocarlos_n","",NA,NA,"Quito Ecuador","Roberto Narva√©z",61517,214,35,55,2
"280","GeorginaMoranC1","",NA,NA,"El Oro, Ecuador","Georgina „ÄΩÔ∏èor√°n #QuedateEnCasa #EcuadorUnido",117232,352,336,672,0
"281","Josepila10Pilas","",NA,NA,"Quito-Ecuador","Jose Pila",43867,101,142,55,0
"282","jofabrol","",NA,NA,"Quito","Fabry Espinoza Larco Ô£ø",14995,1698,4996,6778,12
"283","nancyvalverd","",NA,NA,"Quito, Ecuador","nancy valverde",2779,279,284,677,6
"284","nancyvalverd","",NA,NA,"Quito, Ecuador","nancy valverde",2779,279,284,677,6
"285","FerNandotty","",NA,NA,"","fernando totoy",15,6,53,55,0
"286","Napaly12","",NA,NA,"Ecuador","Napaly üî•",92,19,31,55,0
"287","VicenteLooopez","",NA,NA,"Ecuador","Vicente L√≥pez",5932,132,174,5582,1
"288","GeorginaMoranC1","",NA,NA,"El Oro, Ecuador","Georgina „ÄΩÔ∏èor√°n #QuedateEnCasa #EcuadorUnido",117211,351,336,672,0
"289","GeorginaMoranC1","",NA,NA,"El Oro, Ecuador","Georgina „ÄΩÔ∏èor√°n #QuedateEnCasa #EcuadorUnido",117221,351,336,672,0
"290","GeorginaMoranC1","",NA,NA,"El Oro, Ecuador","Georgina „ÄΩÔ∏èor√°n #QuedateEnCasa #EcuadorUnido",117222,351,336,672,0
"291","GeorginaMoranC1","",NA,NA,"El Oro, Ecuador","Georgina „ÄΩÔ∏èor√°n #QuedateEnCasa #EcuadorUnido",117224,351,336,672,0
"292","GeorginaMoranC1","",NA,NA,"El Oro, Ecuador","Georgina „ÄΩÔ∏èor√°n #QuedateEnCasa #EcuadorUnido",117231,351,336,672,0
"293","GeorginaMoranC1","",NA,NA,"El Oro, Ecuador","Georgina „ÄΩÔ∏èor√°n #QuedateEnCasa #EcuadorUnido",117232,351,336,672,0
"294","GeorginaMoranC1","",NA,NA,"El Oro, Ecuador","Georgina „ÄΩÔ∏èor√°n #QuedateEnCasa #EcuadorUnido",117234,351,336,672,0
"295","undruida","",NA,NA,"Quito","Un Druida",29959,1396,4975,559,2
"296","XimeCanizares","",NA,NA,"Cuenca, Ecuador","Xime Ca√±izares",2966,214,491,5511,0
"297","GeorginaMoranC1","",NA,NA,"El Oro, Ecuador","Georgina „ÄΩÔ∏èor√°n #QuedateEnCasa #EcuadorUnido",117253,351,336,672,0
"298","GeorginaMoranC1","",NA,NA,"El Oro, Ecuador","Georgina „ÄΩÔ∏èor√°n #QuedateEnCasa #EcuadorUnido",117255,351,336,672,0
"299","GeorginaMoranC1","",NA,NA,"El Oro, Ecuador","Georgina „ÄΩÔ∏èor√°n #QuedateEnCasa #EcuadorUnido",117260,351,336,672,0
"300","GeorginaMoranC1","",NA,NA,"El Oro, Ecuador","Georgina „ÄΩÔ∏èor√°n #QuedateEnCasa #EcuadorUnido",117262,351,336,672,0
"301","GeorginaMoranC1","",NA,NA,"El Oro, Ecuador","Georgina „ÄΩÔ∏èor√°n #QuedateEnCasa #EcuadorUnido",117290,351,336,672,0
"302","GeorginaMoranC1","",NA,NA,"El Oro, Ecuador","Georgina „ÄΩÔ∏èor√°n #QuedateEnCasa #EcuadorUnido",117293,351,336,672,0
"303","carinariveroc","",NA,NA,"Ecuador","Corina Rivero",10886,166,365,5534,1
"304","robertocarlos_n","",NA,1349389163842429952,"Quito Ecuador","Roberto Narva√©z",61558,214,35,55,2
"305","LaraaBernardo","",NA,1349180926023099904,"Ecuador","Bernardo Lara",1089,68,356,676,0
"306","undruida","",NA,NA,"Quito","Un Druida",30110,1398,4983,559,2
"307","ecuadorycuba","",NA,NA,"","elecuador",33723,2987,3024,6797,21
"308","XimeCanizares","",NA,NA,"Cuenca, Ecuador","Xime Ca√±izares",2968,214,491,5513,0
"309","joc_salazar","",NA,NA,"","Jose Salazar",249,51,167,55,0
"310","marshelo_13","",NA,NA,"Guayakill","Marce*lo",195,20,186,671,0
"311","marshelo_13","",NA,NA,"Guayakill","Marce*lo",196,20,186,672,0
"312","marshelo_13","",NA,NA,"Guayakill","Marce*lo",197,20,186,674,0
"313","JohannaNicole_3","",NA,NA,"Ecuador","Joha Estrella",4238,196,86,550,0
"314","JohannaNicole_3","",NA,NA,"Ecuador","Joha Estrella",4239,196,86,550,0
"315","JohannaNicole_3","",NA,NA,"Ecuador","Joha Estrella",4240,196,86,550,0
"316","JohannaNicole_3","",NA,NA,"Ecuador","Joha Estrella",4241,196,86,550,0
"317","JohannaNicole_3","",NA,NA,"Ecuador","Joha Estrella",4242,196,86,550,0
"318","JohannaNicole_3","",NA,NA,"Ecuador","Joha Estrella",4243,196,86,550,0
"319","JohannaNicole_3","",NA,NA,"Ecuador","Joha Estrella",4244,196,86,550,0
"320","JohannaNicole_3","",NA,NA,"Ecuador","Joha Estrella",4245,196,86,550,0
"321","JohannaNicole_3","",NA,NA,"Ecuador","Joha Estrella",4246,196,86,550,0
"322","JohannaNicole_3","",NA,NA,"Ecuador","Joha Estrella",4247,196,86,550,0
"323","JohannaNicole_3","",NA,NA,"Ecuador","Joha Estrella",4248,196,86,550,0
"324","JohannaNicole_3","",NA,NA,"Ecuador","Joha Estrella",4249,196,86,550,0
"325","JohannaNicole_3","",NA,NA,"Ecuador","Joha Estrella",4250,196,86,550,0
"326","JohannaNicole_3","",NA,NA,"Ecuador","Joha Estrella",4251,196,86,550,0
"327","JohannaNicole_3","",NA,NA,"Ecuador","Joha Estrella",4252,196,86,550,0
"328","JohannaNicole_3","",NA,NA,"Ecuador","Joha Estrella",4253,196,86,550,0
"329","JohannaNicole_3","",NA,NA,"Ecuador","Joha Estrella",4254,196,86,550,0
"330","JohannaNicole_3","",NA,NA,"Ecuador","Joha Estrella",4255,196,86,550,0
"331","JohannaNicole_3","",NA,NA,"Ecuador","Joha Estrella",4256,196,86,550,0
"332","JohannaNicole_3","",NA,NA,"Ecuador","Joha Estrella",4257,196,86,550,0
"333","JohannaNicole_3","",NA,NA,"Ecuador","Joha Estrella",4258,196,86,550,0
"334","JohannaNicole_3","",NA,NA,"Ecuador","Joha Estrella",4259,196,86,550,0
"335","JohannaNicole_3","",NA,NA,"Ecuador","Joha Estrella",4260,196,86,550,0
"336","JohannaNicole_3","",NA,NA,"Ecuador","Joha Estrella",4261,196,86,550,0
"337","JohannaNicole_3","",NA,NA,"Ecuador","Joha Estrella",4262,196,86,550,0
"338","JohannaNicole_3","",NA,NA,"Ecuador","Joha Estrella",4263,196,86,550,0
"339","JohannaNicole_3","",NA,NA,"Ecuador","Joha Estrella",4264,196,86,550,0
"340","JohannaNicole_3","",NA,NA,"Ecuador","Joha Estrella",4265,196,86,550,0
"341","JohannaNicole_3","",NA,NA,"Ecuador","Joha Estrella",4266,196,86,550,0
"342","JohannaNicole_3","",NA,NA,"Ecuador","Joha Estrella",4267,196,86,550,0
"343","JohannaNicole_3","",NA,NA,"Ecuador","Joha Estrella",4268,196,86,550,0
"344","JohannaNicole_3","",NA,NA,"Ecuador","Joha Estrella",4269,196,86,550,0
"345","JohannaNicole_3","",NA,NA,"Ecuador","Joha Estrella",4270,196,86,550,0
"346","JohannaNicole_3","",NA,NA,"Ecuador","Joha Estrella",4271,196,86,550,0
"347","JohannaNicole_3","",NA,NA,"Ecuador","Joha Estrella",4272,196,86,550,0
"348","JohannaNicole_3","",NA,NA,"Ecuador","Joha Estrella",4273,196,86,550,0
"349","JohannaNicole_3","",NA,NA,"Ecuador","Joha Estrella",4274,196,86,550,0
"350","JohannaNicole_3","",NA,NA,"Ecuador","Joha Estrella",4275,196,86,550,0
"351","JohannaNicole_3","",NA,NA,"Ecuador","Joha Estrella",4276,196,86,550,0
"352","JohannaNicole_3","",NA,NA,"Ecuador","Joha Estrella",4277,196,86,550,0
"353","JohannaNicole_3","",NA,NA,"Ecuador","Joha Estrella",4278,196,86,550,0
"354","JohannaNicole_3","",NA,NA,"Ecuador","Joha Estrella",4279,196,86,550,0
"355","JohannaNicole_3","",NA,NA,"Ecuador","Joha Estrella",4280,196,86,550,0
"356","JohannaNicole_3","",NA,NA,"Ecuador","Joha Estrella",4281,196,86,550,0
"357","JohannaNicole_3","",NA,NA,"Ecuador","Joha Estrella",4282,196,86,550,0
"358","JohannaNicole_3","",NA,NA,"Ecuador","Joha Estrella",4283,196,86,550,0
"359","JohannaNicole_3","",NA,NA,"Ecuador","Joha Estrella",4284,196,86,550,0
"360","JohannaNicole_3","",NA,NA,"Ecuador","Joha Estrella",4285,196,86,550,0
"361","JohannaNicole_3","",NA,NA,"Ecuador","Joha Estrella",4286,196,86,550,0
"362","JohannaNicole_3","",NA,NA,"Ecuador","Joha Estrella",4287,196,86,550,0
"363","JohannaNicole_3","",NA,NA,"Ecuador","Joha Estrella",4288,196,86,550,0
"364","JohannaNicole_3","",NA,NA,"Ecuador","Joha Estrella",4289,196,86,550,0
"365","JohannaNicole_3","",NA,NA,"Ecuador","Joha Estrella",4290,196,86,550,0
"366","JohannaNicole_3","",NA,NA,"Ecuador","Joha Estrella",4291,196,86,550,0
"367","JohannaNicole_3","",NA,NA,"Ecuador","Joha Estrella",4292,196,86,550,0
"368","JohannaNicole_3","",NA,NA,"Ecuador","Joha Estrella",4293,196,86,550,0
"369","JohannaNicole_3","",NA,NA,"Ecuador","Joha Estrella",4294,196,86,550,0
"370","JohannaNicole_3","",NA,NA,"Ecuador","Joha Estrella",4295,196,86,550,0
"371","JohannaNicole_3","",NA,NA,"Ecuador","Joha Estrella",4296,196,86,550,0
"372","JohannaNicole_3","",NA,NA,"Ecuador","Joha Estrella",4297,196,86,550,0
"373","JohannaNicole_3","",NA,NA,"Ecuador","Joha Estrella",4298,196,86,550,0
"374","JohannaNicole_3","",NA,NA,"Ecuador","Joha Estrella",4299,196,86,550,0
"375","JohannaNicole_3","",NA,NA,"Ecuador","Joha Estrella",4300,196,86,550,0
"376","JohannaNicole_3","",NA,NA,"Ecuador","Joha Estrella",4301,196,86,550,0
"377","JohannaNicole_3","",NA,NA,"Ecuador","Joha Estrella",4302,196,86,550,0
"378","JohannaNicole_3","",NA,NA,"Ecuador","Joha Estrella",4303,196,86,550,0
"379","JohannaNicole_3","",NA,NA,"Ecuador","Joha Estrella",4304,196,86,550,0
"380","JohannaNicole_3","",NA,NA,"Ecuador","Joha Estrella",4305,196,86,550,0
"381","JohannaNicole_3","",NA,NA,"Ecuador","Joha Estrella",4306,196,86,550,0
"382","JohannaNicole_3","",NA,NA,"Ecuador","Joha Estrella",4307,196,86,550,0
"383","JohannaNicole_3","",NA,NA,"Ecuador","Joha Estrella",4308,196,86,550,0
"384","JohannaNicole_3","",NA,NA,"Ecuador","Joha Estrella",4309,196,86,550,0
"385","JohannaNicole_3","",NA,NA,"Ecuador","Joha Estrella",4310,196,86,550,0
"386","JohannaNicole_3","",NA,NA,"Ecuador","Joha Estrella",4311,196,86,550,0
"387","JohannaNicole_3","",NA,NA,"Ecuador","Joha Estrella",4312,196,86,550,0
"388","JohannaNicole_3","",NA,NA,"Ecuador","Joha Estrella",4313,196,86,550,0
"389","JohannaNicole_3","",NA,NA,"Ecuador","Joha Estrella",4314,196,86,550,0
"390","JohannaNicole_3","",NA,NA,"Ecuador","Joha Estrella",4315,196,86,550,0
"391","JohannaNicole_3","",NA,NA,"Ecuador","Joha Estrella",4316,196,86,550,0
"392","JohannaNicole_3","",NA,NA,"Ecuador","Joha Estrella",4317,196,86,550,0
"393","JohannaNicole_3","",NA,NA,"Ecuador","Joha Estrella",4318,196,86,550,0
"394","JohannaNicole_3","",NA,NA,"Ecuador","Joha Estrella",4319,196,86,550,0
"395","JohannaNicole_3","",NA,NA,"Ecuador","Joha Estrella",4320,196,86,550,0
"396","JohannaNicole_3","",NA,NA,"Ecuador","Joha Estrella",4321,196,86,550,0
"397","JohannaNicole_3","",NA,NA,"Ecuador","Joha Estrella",4322,196,86,550,0
"398","JohannaNicole_3","",NA,NA,"Ecuador","Joha Estrella",4323,196,86,550,0
"399","JohannaNicole_3","",NA,NA,"Ecuador","Joha Estrella",4324,196,86,550,0
"400","JohannaNicole_3","",NA,NA,"Ecuador","Joha Estrella",4325,196,86,550,0
"401","JohannaNicole_3","",NA,NA,"Ecuador","Joha Estrella",4326,196,86,550,0
"402","JohannaNicole_3","",NA,NA,"Ecuador","Joha Estrella",4327,196,86,550,0
"403","JohannaNicole_3","",NA,NA,"Ecuador","Joha Estrella",4328,196,86,550,0
"404","JohannaNicole_3","",NA,NA,"Ecuador","Joha Estrella",4329,196,86,550,0
"405","JohannaNicole_3","",NA,NA,"Ecuador","Joha Estrella",4331,196,86,550,0
"406","JohannaNicole_3","",NA,NA,"Ecuador","Joha Estrella",4332,196,86,550,0
"407","JohannaNicole_3","",NA,NA,"Ecuador","Joha Estrella",4333,196,86,550,0
"408","JohannaNicole_3","",NA,NA,"Ecuador","Joha Estrella",4334,196,86,550,0
"409","JohannaNicole_3","",NA,NA,"Ecuador","Joha Estrella",4335,196,86,550,0
"410","JohannaNicole_3","",NA,NA,"Ecuador","Joha Estrella",4336,196,86,550,0
"411","JohannaNicole_3","",NA,NA,"Ecuador","Joha Estrella",4337,196,86,550,0
"412","JohannaNicole_3","",NA,NA,"Ecuador","Joha Estrella",4338,196,86,550,0
"413","JohannaNicole_3","",NA,NA,"Ecuador","Joha Estrella",4339,196,86,550,0
"414","JohannaNicole_3","",NA,NA,"Ecuador","Joha Estrella",4340,196,86,550,0
"415","JohannaNicole_3","",NA,NA,"Ecuador","Joha Estrella",4341,196,86,550,0
"416","JohannaNicole_3","",NA,NA,"Ecuador","Joha Estrella",4342,196,86,550,0
"417","JohannaNicole_3","",NA,NA,"Ecuador","Joha Estrella",4343,196,86,550,0
"418","JohannaNicole_3","",NA,NA,"Ecuador","Joha Estrella",4345,196,86,551,0
"419","JohannaNicole_3","",NA,NA,"Ecuador","Joha Estrella",4346,196,86,551,0
"420","JohannaNicole_3","",NA,NA,"Ecuador","Joha Estrella",4347,196,86,551,0
"421","JohannaNicole_3","",NA,NA,"Ecuador","Joha Estrella",4348,196,86,551,0
"422","JohannaNicole_3","",NA,NA,"Ecuador","Joha Estrella",4349,196,86,551,0
"423","JohannaNicole_3","",NA,NA,"Ecuador","Joha Estrella",4350,196,86,551,0
"424","JohannaNicole_3","",NA,NA,"Ecuador","Joha Estrella",4351,196,86,551,0
"425","JohannaNicole_3","",NA,NA,"Ecuador","Joha Estrella",4351,196,86,551,0
"426","JohannaNicole_3","",NA,NA,"Ecuador","Joha Estrella",4352,196,86,551,0
"427","rafaelcb29","",NA,NA,"","Rafael Arnaldo",787,72,152,550,0
"428","rafaelcb29","",NA,NA,"","Rafael Arnaldo",788,72,152,551,0
"429","JohannaNicole_3","",NA,NA,"Ecuador","Joha Estrella",4353,196,86,551,0
"430","rafaelcb29","",NA,NA,"","Rafael Arnaldo",789,72,152,552,0
"431","rafaelcb29","",NA,NA,"","Rafael Arnaldo",790,72,152,553,0
"432","JohannaNicole_3","",NA,NA,"Ecuador","Joha Estrella",4354,196,86,551,0
"433","JohannaNicole_3","",NA,NA,"Ecuador","Joha Estrella",4355,196,86,551,0
"434","rafaelcb29","",NA,NA,"","Rafael Arnaldo",791,72,152,553,0
"435","rafaelcb29","",NA,NA,"","Rafael Arnaldo",791,72,152,553,0
"436","rafaelcb29","",NA,NA,"","Rafael Arnaldo",793,72,152,556,0
"437","JohannaNicole_3","",NA,NA,"Ecuador","Joha Estrella",4356,196,86,551,0
"438","JohannaNicole_3","",NA,NA,"Ecuador","Joha Estrella",4357,196,86,551,0
"439","JohannaNicole_3","",NA,NA,"Ecuador","Joha Estrella",4358,196,86,551,0
"440","JohannaNicole_3","",NA,NA,"Ecuador","Joha Estrella",4359,196,86,551,0
"441","JohannaNicole_3","",NA,NA,"Ecuador","Joha Estrella",4360,196,86,551,0
"442","JohannaNicole_3","",NA,NA,"Ecuador","Joha Estrella",4361,196,86,551,0
"443","rafaelcb29","",NA,NA,"","Rafael Arnaldo",794,72,152,557,0
"444","JohannaNicole_3","",NA,NA,"Ecuador","Joha Estrella",4363,196,86,552,0
"445","JohannaNicole_3","",NA,NA,"Ecuador","Joha Estrella",4364,196,86,552,0
"446","JohannaNicole_3","",NA,NA,"Ecuador","Joha Estrella",4365,196,86,552,0
"447","JohannaNicole_3","",NA,NA,"Ecuador","Joha Estrella",4366,196,86,552,0
"448","JohannaNicole_3","",NA,NA,"Ecuador","Joha Estrella",4367,196,86,552,0
"449","JohannaNicole_3","",NA,NA,"Ecuador","Joha Estrella",4368,196,86,552,0
"450","JohannaNicole_3","",NA,NA,"Ecuador","Joha Estrella",4369,196,86,552,0
"451","JohannaNicole_3","",NA,NA,"Ecuador","Joha Estrella",4370,196,86,552,0
"452","JohannaNicole_3","",NA,NA,"Ecuador","Joha Estrella",4371,196,86,552,0
"453","JohannaNicole_3","",NA,NA,"Ecuador","Joha Estrella",4372,196,86,552,0
"454","JohannaNicole_3","",NA,NA,"Ecuador","Joha Estrella",4373,196,86,552,0
"455","JohannaNicole_3","",NA,NA,"Ecuador","Joha Estrella",4374,196,86,552,0
"456","JohannaNicole_3","",NA,NA,"Ecuador","Joha Estrella",4375,196,86,552,0
"457","JohannaNicole_3","",NA,NA,"Ecuador","Joha Estrella",4376,196,86,552,0
"458","JohannaNicole_3","",NA,NA,"Ecuador","Joha Estrella",4377,196,86,552,0
"459","JohannaNicole_3","",NA,NA,"Ecuador","Joha Estrella",4378,196,86,552,0
"460","JohannaNicole_3","",NA,NA,"Ecuador","Joha Estrella",4379,196,86,552,0
"461","JohannaNicole_3","",NA,NA,"Ecuador","Joha Estrella",4380,196,86,552,0
"462","JohannaNicole_3","",NA,NA,"Ecuador","Joha Estrella",4381,196,86,552,0
"463","JohannaNicole_3","",NA,NA,"Ecuador","Joha Estrella",4382,196,86,552,0
"464","JohannaNicole_3","",NA,NA,"Ecuador","Joha Estrella",4383,196,86,552,0
"465","JohannaNicole_3","",NA,NA,"Ecuador","Joha Estrella",4384,196,86,552,0
"466","JohannaNicole_3","",NA,NA,"Ecuador","Joha Estrella",4385,196,86,552,0
"467","JohannaNicole_3","",NA,NA,"Ecuador","Joha Estrella",4386,196,86,552,0
"468","JohannaNicole_3","",NA,NA,"Ecuador","Joha Estrella",4387,196,86,552,0
"469","JohannaNicole_3","",NA,NA,"Ecuador","Joha Estrella",4388,196,86,552,0
"470","JohannaNicole_3","",NA,NA,"Ecuador","Joha Estrella",4389,196,86,552,0
"471","JohannaNicole_3","",NA,NA,"Ecuador","Joha Estrella",4390,196,86,552,0
"472","JohannaNicole_3","",NA,NA,"Ecuador","Joha Estrella",4391,196,86,552,0
"473","JohannaNicole_3","",NA,NA,"Ecuador","Joha Estrella",4392,196,86,552,0
"474","JohannaNicole_3","",NA,NA,"Ecuador","Joha Estrella",4393,196,86,552,0
"475","JohannaNicole_3","",NA,NA,"Ecuador","Joha Estrella",4394,196,86,552,0
"476","JohannaNicole_3","",NA,NA,"Ecuador","Joha Estrella",4395,196,86,552,0
"477","JohannaNicole_3","",NA,NA,"Ecuador","Joha Estrella",4396,196,86,552,0
"478","JohannaNicole_3","",NA,NA,"Ecuador","Joha Estrella",4397,196,86,552,0
"479","JohannaNicole_3","",NA,NA,"Ecuador","Joha Estrella",4398,196,86,552,0
"480","JohannaNicole_3","",NA,NA,"Ecuador","Joha Estrella",4399,196,86,552,0
"481","JohannaNicole_3","",NA,NA,"Ecuador","Joha Estrella",4400,196,86,552,0
"482","JohannaNicole_3","",NA,NA,"Ecuador","Joha Estrella",4401,196,86,552,0
"483","JohannaNicole_3","",NA,NA,"Ecuador","Joha Estrella",4402,196,86,552,0
"484","JohannaNicole_3","",NA,NA,"Ecuador","Joha Estrella",4403,196,86,552,0
"485","JohannaNicole_3","",NA,NA,"Ecuador","Joha Estrella",4404,196,86,552,0
"486","JohannaNicole_3","",NA,NA,"Ecuador","Joha Estrella",4405,196,86,552,0
"487","JohannaNicole_3","",NA,NA,"Ecuador","Joha Estrella",4406,196,86,552,0
"488","JohannaNicole_3","",NA,NA,"Ecuador","Joha Estrella",4407,196,86,552,0
"489","JohannaNicole_3","",NA,NA,"Ecuador","Joha Estrella",4408,196,86,552,0
"490","JohannaNicole_3","",NA,NA,"Ecuador","Joha Estrella",4409,196,86,552,0
"491","JohannaNicole_3","",NA,NA,"Ecuador","Joha Estrella",4410,196,86,552,0
"492","JohannaNicole_3","",NA,NA,"Ecuador","Joha Estrella",4411,196,86,552,0
"493","JohannaNicole_3","",NA,NA,"Ecuador","Joha Estrella",4412,196,86,552,0
"494","JohannaNicole_3","",NA,NA,"Ecuador","Joha Estrella",4413,196,86,552,0
"495","JohannaNicole_3","",NA,NA,"Ecuador","Joha Estrella",4414,196,86,552,0
"496","JohannaNicole_3","",NA,NA,"Ecuador","Joha Estrella",4415,196,86,552,0
"497","JohannaNicole_3","",NA,NA,"Ecuador","Joha Estrella",4416,196,86,552,0
"498","JohannaNicole_3","",NA,NA,"Ecuador","Joha Estrella",4417,196,86,552,0
"499","JohannaNicole_3","",NA,NA,"Ecuador","Joha Estrella",4418,196,86,552,0
"500","JohannaNicole_3","",NA,NA,"Ecuador","Joha Estrella",4419,196,86,552,0
"501","JohannaNicole_3","",NA,NA,"Ecuador","Joha Estrella",4420,196,86,552,0
"502","JohannaNicole_3","",NA,NA,"Ecuador","Joha Estrella",4421,196,86,552,0
"503","JohannaNicole_3","",NA,NA,"Ecuador","Joha Estrella",4422,196,86,552,0
"504","JohannaNicole_3","",NA,NA,"Ecuador","Joha Estrella",4423,196,86,552,0
"505","JohannaNicole_3","",NA,NA,"Ecuador","Joha Estrella",4424,196,86,552,0
"506","JohannaNicole_3","",NA,NA,"Ecuador","Joha Estrella",4425,196,86,552,0
"507","JohannaNicole_3","",NA,NA,"Ecuador","Joha Estrella",4426,196,86,552,0
"508","JohannaNicole_3","",NA,NA,"Ecuador","Joha Estrella",4427,196,86,552,0
"509","JohannaNicole_3","",NA,NA,"Ecuador","Joha Estrella",4428,196,86,552,0
"510","MaraGut52419661","",NA,NA,"","Mar√≠a Guti√©rrez",57,2,13,55,0
"511","JohannaNicole_3","",NA,NA,"Ecuador","Joha Estrella",4429,196,86,552,0
"512","JohannaNicole_3","",NA,NA,"Ecuador","Joha Estrella",4430,196,86,552,0
"513","JohannaNicole_3","",NA,NA,"Ecuador","Joha Estrella",4431,196,86,552,0
"514","JohannaNicole_3","",NA,NA,"Ecuador","Joha Estrella",4432,196,86,552,0
"515","JohannaNicole_3","",NA,NA,"Ecuador","Joha Estrella",4433,196,86,552,0
"516","JohannaNicole_3","",NA,NA,"Ecuador","Joha Estrella",4434,196,86,552,0
"517","MaraGut52419661","",NA,NA,"","Mar√≠a Guti√©rrez",58,2,13,55,0
"518","JohannaNicole_3","",NA,NA,"Ecuador","Joha Estrella",4435,196,86,552,0
"519","JohannaNicole_3","",NA,NA,"Ecuador","Joha Estrella",4436,196,86,552,0
"520","JohannaNicole_3","",NA,NA,"Ecuador","Joha Estrella",4437,196,86,552,0
"521","JohannaNicole_3","",NA,NA,"Ecuador","Joha Estrella",4438,196,86,552,0
"522","JohannaNicole_3","",NA,NA,"Ecuador","Joha Estrella",4439,196,86,552,0
"523","MaraGut52419661","",NA,NA,"","Mar√≠a Guti√©rrez",59,2,13,55,0
"524","JohannaNicole_3","",NA,NA,"Ecuador","Joha Estrella",4440,196,86,552,0
"525","JohannaNicole_3","",NA,NA,"Ecuador","Joha Estrella",4441,196,86,552,0
"526","JohannaNicole_3","",NA,NA,"Ecuador","Joha Estrella",4442,196,86,552,0
"527","JohannaNicole_3","",NA,NA,"Ecuador","Joha Estrella",4443,196,86,552,0
"528","JohannaNicole_3","",NA,NA,"Ecuador","Joha Estrella",4444,196,86,552,0
"529","MaraGut52419661","",NA,NA,"","Mar√≠a Guti√©rrez",60,2,13,55,0
"530","JohannaNicole_3","",NA,NA,"Ecuador","Joha Estrella",4445,196,86,552,0
"531","JohannaNicole_3","",NA,NA,"Ecuador","Joha Estrella",4446,196,86,552,0
"532","MaraGut52419661","",NA,NA,"","Mar√≠a Guti√©rrez",61,2,13,55,0
"533","JohannaNicole_3","",NA,NA,"Ecuador","Joha Estrella",4447,196,86,552,0
"534","JohannaNicole_3","",NA,NA,"Ecuador","Joha Estrella",4448,196,86,552,0
"535","JohannaNicole_3","",NA,NA,"Ecuador","Joha Estrella",4449,196,86,552,0
"536","JohannaNicole_3","",NA,NA,"Ecuador","Joha Estrella",4450,196,86,552,0
"537","AlexaIsabel71","",NA,NA,"","Alexandra Herrera",4814,43,106,5544,0
"538","JohannaNicole_3","",NA,NA,"Ecuador","Joha Estrella",4451,196,86,552,0
"539","JohannaNicole_3","",NA,NA,"Ecuador","Joha Estrella",4452,196,86,552,0
"540","JohannaNicole_3","",NA,NA,"Ecuador","Joha Estrella",4453,196,86,552,0
"541","MaraGut52419661","",NA,NA,"","Mar√≠a Guti√©rrez",62,3,14,55,0
"542","MaraGut52419661","",NA,NA,"","Mar√≠a Guti√©rrez",63,3,14,55,0
"543","JohannaNicole_3","",NA,NA,"Ecuador","Joha Estrella",4454,196,86,552,0
"544","JohannaNicole_3","",NA,NA,"Ecuador","Joha Estrella",4455,196,86,552,0
"545","JohannaNicole_3","",NA,NA,"Ecuador","Joha Estrella",4456,196,86,552,0
"546","JohannaNicole_3","",NA,NA,"Ecuador","Joha Estrella",4457,196,86,552,0
"547","JohannaNicole_3","",NA,NA,"Ecuador","Joha Estrella",4458,196,86,552,0
"548","JohannaNicole_3","",NA,NA,"Ecuador","Joha Estrella",4459,196,86,552,0
"549","JohannaNicole_3","",NA,NA,"Ecuador","Joha Estrella",4460,196,86,552,0
"550","JohannaNicole_3","",NA,NA,"Ecuador","Joha Estrella",4461,196,86,552,0
"551","JohannaNicole_3","",NA,NA,"Ecuador","Joha Estrella",4462,196,86,552,0
"552","JohannaNicole_3","",NA,NA,"Ecuador","Joha Estrella",4463,196,86,552,0
"553","JohannaNicole_3","",NA,NA,"Ecuador","Joha Estrella",4464,196,86,552,0
"554","JohannaNicole_3","",NA,NA,"Ecuador","Joha Estrella",4465,196,86,552,0
"555","JohannaNicole_3","",NA,NA,"Ecuador","Joha Estrella",4466,196,86,552,0
"556","JohannaNicole_3","",NA,NA,"Ecuador","Joha Estrella",4467,196,86,552,0
"557","JohannaNicole_3","",NA,NA,"Ecuador","Joha Estrella",4468,196,86,552,0
"558","MaraGut52419661","",NA,NA,"","Mar√≠a Guti√©rrez",75,3,15,67,0
"559","BlancaBsch","",NA,NA,"","BSCH",38772,111,185,5506,0
"560","Jossadry1","",NA,NA,"","Jossadry",53,7,170,67,0
"561","Keepmyinfires","",NA,NA,"seokjin's galaxy","·¥Æ·¥± domenique",66132,3099,1418,55101,27
"562","FmvallejorValle","",NA,NA,"Pichincha, Ecuador","Fabian Vallejo R.",35536,325,493,6711,5
"563","mandradele","",NA,NA,"Quito","Analu Andrade",83365,458,696,55763,5
"564","valiente_srta","",NA,NA,"Cuenca, Ecuador","Paula Vergara",1500,95,215,677,1
"565","RufilioA","",NA,NA,"","Rufilio De la A",1815,38,22,559,1
"566","rammsnite","",NA,NA,"","Forsix",6676,111,210,5550,1
"567","DayanaKEsm","",NA,NA,"","Dayana",68,18,58,67,0
"568","AP_IEEPN","",NA,NA,"Ecuador","Andr√©s Pachacama",8385,151,753,5579,2
"569","34BETHY","",NA,NA,"TULCAN- ECUADOR","BETHY ORQUERA CABRER",1070,31,62,670,0
"570","34BETHY","",NA,NA,"TULCAN- ECUADOR","BETHY ORQUERA CABRER",1071,31,62,671,0
"571","34BETHY","",NA,NA,"TULCAN- ECUADOR","BETHY ORQUERA CABRER",1074,31,62,673,0
"572","34BETHY","",NA,NA,"TULCAN- ECUADOR","BETHY ORQUERA CABRER",1079,31,62,673,0
"573","34BETHY","",NA,NA,"TULCAN- ECUADOR","BETHY ORQUERA CABRER",1084,31,62,676,0
"574","34BETHY","",NA,NA,"TULCAN- ECUADOR","BETHY ORQUERA CABRER",1088,31,62,677,0
"575","valiente_srta","KarlaMoralesR",1349345758542240000,NA,"Cuenca, Ecuador","Paula Vergara",1501,95,214,677,1
"576","GeorginaMoranC1","",NA,NA,"El Oro, Ecuador","Georgina „ÄΩÔ∏èor√°n #QuedateEnCasa #EcuadorUnido",117313,352,336,672,0
"577","GeorginaMoranC1","",NA,NA,"El Oro, Ecuador","Georgina „ÄΩÔ∏èor√°n #QuedateEnCasa #EcuadorUnido",117317,352,336,672,0
"578","dgrijalva23","",NA,NA,"Quito","Danny Grijalva",3145,137,217,5509,0
"579","BlancaBsch","",NA,NA,"","BSCH",38791,111,185,5507,0
"580","MaximilianoLAC","",NA,NA,"","Maximiliano Andrade",7573,185,401,6795,0
"581","GeorginaMoranC1","",NA,NA,"El Oro, Ecuador","Georgina „ÄΩÔ∏èor√°n #QuedateEnCasa #EcuadorUnido",117327,351,336,672,0
"582","MONIELITA","",NA,NA,"ECUADOR","Lizzie",1264,116,319,559,0
